User_ID,Display_Name,Reputation,Gold_Badges,Silver_Badges,Bronze_Badges,Link
65977,Tyler,22234,11,66,92,https://stackoverflow.com/users/65977/tyler
326820,Shamim Hafiz,22232,44,122,183,https://stackoverflow.com/users/326820/shamim-hafiz
4996779,ccprog,22231,4,32,48,https://stackoverflow.com/users/4996779/ccprog
2183804,MaciejG&#243;rski,22230,7,73,94,https://stackoverflow.com/users/2183804/maciejg%c3%b3rski
1829647,sjrd,22230,2,66,95,https://stackoverflow.com/users/1829647/sjrd
4413446,Romain,22228,6,64,77,https://stackoverflow.com/users/4413446/romain
233810,Steve Danner,22228,7,46,54,https://stackoverflow.com/users/233810/steve-danner
133707,Nemanja Boric,22227,6,72,93,https://stackoverflow.com/users/133707/nemanja-boric
112614,Chet,22223,10,43,58,https://stackoverflow.com/users/112614/chet
985949,Mik378,22221,15,95,191,https://stackoverflow.com/users/985949/mik378
48581,KG Sosa,22221,7,30,28,https://stackoverflow.com/users/48581/kg-sosa
804967,fweigl,22218,24,123,217,https://stackoverflow.com/users/804967/fweigl
707795,Aurelio De Rosa,22217,8,51,71,https://stackoverflow.com/users/707795/aurelio-de-rosa
3294226,Jean Le Moignan,22216,3,33,37,https://stackoverflow.com/users/3294226/jean-le-moignan
4188450,Arunprasanth K V,22211,8,51,80,https://stackoverflow.com/users/4188450/arunprasanth-k-v
1283776,user1283776,22204,57,161,296,https://stackoverflow.com/users/1283776/user1283776
2250152,martinm,22204,4,46,73,https://stackoverflow.com/users/2250152/martinm
26039,Eran,22200,7,60,92,https://stackoverflow.com/users/26039/eran
514873,pradeek,22195,2,34,32,https://stackoverflow.com/users/514873/pradeek
452102,Nishant,22194,20,80,111,https://stackoverflow.com/users/452102/nishant
326900,Brian Hooper,22192,25,92,146,https://stackoverflow.com/users/326900/brian-hooper
259953,Oliver Salzburg,22189,22,100,146,https://stackoverflow.com/users/259953/oliver-salzburg
7062291,Zhi Lv,22187,1,28,37,https://stackoverflow.com/users/7062291/zhi-lv
454103,Gabriel Petrovay,22184,28,109,182,https://stackoverflow.com/users/454103/gabriel-petrovay
2440262,Ondrej Svejdar,22184,5,60,93,https://stackoverflow.com/users/2440262/ondrej-svejdar
884770,oberstet,22181,10,66,98,https://stackoverflow.com/users/884770/oberstet
5035890,Marcos P&#233;rez Gude,22178,4,41,70,https://stackoverflow.com/users/5035890/marcos-p%c3%a9rez-gude
401048,Aditya P Bhatt,22177,20,88,105,https://stackoverflow.com/users/401048/aditya-p-bhatt
508194,Tom Esterez,22177,8,45,46,https://stackoverflow.com/users/508194/tom-esterez
673924,Amit,22176,28,76,94,https://stackoverflow.com/users/673924/amit
770023,Paul,22175,8,63,77,https://stackoverflow.com/users/770023/paul
54746,CaffGeek,22174,18,107,186,https://stackoverflow.com/users/54746/caffgeek
863257,Nikunj Patel,22166,23,91,134,https://stackoverflow.com/users/863257/nikunj-patel
233428,Jelle De Loecker,22165,29,106,148,https://stackoverflow.com/users/233428/jelle-de-loecker
2805033,Ben Darnell,22164,4,32,50,https://stackoverflow.com/users/2805033/ben-darnell
199364,ToolmakerSteve,22160,16,114,233,https://stackoverflow.com/users/199364/toolmakersteve
243494,Kyle,22153,40,116,202,https://stackoverflow.com/users/243494/kyle
160665,exhuma,22151,16,97,139,https://stackoverflow.com/users/160665/exhuma
698179,Rudi Visser,22149,6,74,97,https://stackoverflow.com/users/698179/rudi-visser
33358,Jan Goyvaerts,22149,7,63,72,https://stackoverflow.com/users/33358/jan-goyvaerts
6879826,ad absurdum,22148,5,45,67,https://stackoverflow.com/users/6879826/ad-absurdum
1245190,the,22147,12,75,102,https://stackoverflow.com/users/1245190/the
13140,Ogre Psalm33,22144,17,79,94,https://stackoverflow.com/users/13140/ogre-psalm33
2266772,Matthieu Brucher,22143,7,43,66,https://stackoverflow.com/users/2266772/matthieu-brucher
1409180,nikjohn,22138,16,58,89,https://stackoverflow.com/users/1409180/nikjohn
171056,ian,22138,3,20,6,https://stackoverflow.com/users/171056/ian
635654,CygnusX1,22137,5,76,122,https://stackoverflow.com/users/635654/cygnusx1
450398,Grodriguez,22137,11,72,118,https://stackoverflow.com/users/450398/grodriguez
2266130,Jeroen van Langen,22136,3,46,63,https://stackoverflow.com/users/2266130/jeroen-van-langen
44089,Bananeweizen,22134,8,74,92,https://stackoverflow.com/users/44089/bananeweizen
54197,MrM,22129,31,118,142,https://stackoverflow.com/users/54197/mrm
409,Brian Deacon,22122,13,41,41,https://stackoverflow.com/users/409/brian-deacon
249571,DD.,22121,54,165,252,https://stackoverflow.com/users/249571/dd
924597,Shorn,22120,19,110,209,https://stackoverflow.com/users/924597/shorn
1280587,paul,22119,1,56,54,https://stackoverflow.com/users/1280587/paul
261217,Mikhail,22117,8,83,161,https://stackoverflow.com/users/261217/mikhail
1079573,rvighne,22117,11,54,75,https://stackoverflow.com/users/1079573/rvighne
216356,Noctis Skytower,22111,16,87,124,https://stackoverflow.com/users/216356/noctis-skytower
570689,??????? ???????,22110,11,83,133,https://stackoverflow.com/users/570689/%d0%94%d0%9c%d0%98%d0%a2%d0%a0%d0%98%d0%99-%d0%9c%d0%90%d0%9b%d0%98%d0%9a%d0%9e%d0%92
151792,jessecurry,22106,8,54,44,https://stackoverflow.com/users/151792/jessecurry
5050667,Yassin Hajaj,22105,10,60,93,https://stackoverflow.com/users/5050667/yassin-hajaj
451941,Jeen Broekstra,22103,4,60,76,https://stackoverflow.com/users/451941/jeen-broekstra
664177,Guru,22102,10,69,106,https://stackoverflow.com/users/664177/guru
62951,Antony Scott,22102,12,64,96,https://stackoverflow.com/users/62951/antony-scott
1562138,fvgs,22102,9,37,49,https://stackoverflow.com/users/1562138/fvgs
10375049,Marco Cerliani,22101,3,58,61,https://stackoverflow.com/users/10375049/marco-cerliani
47680,Artem Russakovskii,22100,18,98,120,https://stackoverflow.com/users/47680/artem-russakovskii
220129,John,22097,44,118,156,https://stackoverflow.com/users/220129/john
3297428,jrjc,22093,10,67,79,https://stackoverflow.com/users/3297428/jrjc
1106042,DazzaL,22093,3,53,57,https://stackoverflow.com/users/1106042/dazzal
131183,Imre Kel&#233;nyi,22093,5,37,45,https://stackoverflow.com/users/131183/imre-kel%c3%a9nyi
558972,vijayst,22090,18,74,114,https://stackoverflow.com/users/558972/vijayst
570339,Ramy Al Zuhouri,22086,27,114,198,https://stackoverflow.com/users/570339/ramy-al-zuhouri
43337,Richard,22086,13,65,102,https://stackoverflow.com/users/43337/richard
114584,ndp,22085,5,42,52,https://stackoverflow.com/users/114584/ndp
577334,billygoat,22084,5,44,50,https://stackoverflow.com/users/577334/billygoat
1464696,Reinmar,22081,4,70,80,https://stackoverflow.com/users/1464696/reinmar
110762,Austin Hanson,22080,6,38,43,https://stackoverflow.com/users/110762/austin-hanson
257705,X10nD,22078,46,114,154,https://stackoverflow.com/users/257705/x10nd
308066,dkamins,22078,7,58,62,https://stackoverflow.com/users/308066/dkamins
334778,uberllama,22078,2,20,8,https://stackoverflow.com/users/334778/uberllama
520779,mgibsonbr,22077,7,74,115,https://stackoverflow.com/users/520779/mgibsonbr
247090,drekka,22073,15,90,147,https://stackoverflow.com/users/247090/drekka
579689,Talespin_Kit,22070,34,96,145,https://stackoverflow.com/users/579689/talespin-kit
65736,bialix,22069,10,51,63,https://stackoverflow.com/users/65736/bialix
165448,JZ.,22065,34,120,194,https://stackoverflow.com/users/165448/jz
779111,JAN,22063,69,192,341,https://stackoverflow.com/users/779111/jan
356580,Sameer Segal,22063,7,45,56,https://stackoverflow.com/users/356580/sameer-segal
83475,Roch,22059,29,80,123,https://stackoverflow.com/users/83475/roch
1172155,App Work,22059,5,28,38,https://stackoverflow.com/users/1172155/app-work
718764,Carnal,22054,6,62,76,https://stackoverflow.com/users/718764/carnal
946112,Krista K,22051,3,34,44,https://stackoverflow.com/users/946112/krista-k
194676,John Himmelman,22050,22,68,83,https://stackoverflow.com/users/194676/john-himmelman
14314520,Anoushiravan R,22048,3,22,44,https://stackoverflow.com/users/14314520/anoushiravan-r
1620779,sjsam,22045,6,63,114,https://stackoverflow.com/users/1620779/sjsam
477451,Mansoor Siddiqui,22043,11,51,69,https://stackoverflow.com/users/477451/mansoor-siddiqui
306488,lisak,22041,42,159,247,https://stackoverflow.com/users/306488/lisak
9299259,YOLO,22039,5,25,42,https://stackoverflow.com/users/9299259/yolo
860585,Rotem,22037,6,70,116,https://stackoverflow.com/users/860585/rotem
2373249,hardkoded,22036,3,65,79,https://stackoverflow.com/users/2373249/hardkoded
5445,Christian C. Salvad&#243;,831602,185,929,845,https://stackoverflow.com/users/5445/christian-c-salvad%c3%b3
218196,Felix Kling,820390,181,1114,1172,https://stackoverflow.com/users/218196/felix-kling
20862,Ignacio Vazquez-Abrams,804202,160,1369,1386,https://stackoverflow.com/users/20862/ignacio-vazquez-abrams
19563,Lara Bailey,802638,110,651,667,https://stackoverflow.com/users/19563/lara-bailey
548225,anubhava,790847,67,605,672,https://stackoverflow.com/users/548225/anubhava
1491895,Barmar,789273,57,555,669,https://stackoverflow.com/users/1491895/barmar
13302,marc_s,760370,186,1389,1503,https://stackoverflow.com/users/13302/marc-s
15168,Jonathan Leffler,760152,145,962,1335,https://stackoverflow.com/users/15168/jonathan-leffler
23283,JaredPar,759937,152,1264,1466,https://stackoverflow.com/users/23283/jaredpar
335858,Sergey Kalinichenko,729337,85,1159,1574,https://stackoverflow.com/users/335858/sergey-kalinichenko
